57.825864936408607,-1.2386186875524963,102.52859531841172,152.304,-18.4931,220.651
56.553913662545284,-11.714052064705072,102.5285963558696,217.326,-26.3881,314.851
56.441968370733548,-12.636005961378658,102.5285963558696,217.326,-26.3881,314.851
56.220613950090168,-13.632208586467627,102.56261995263908,360.77899169921875,-80.792572021484375,535.5020751953125
55.849128151537059,-15.04125152711401,102.52859724438098,143.453,-54.4045,220.651
52.107208317989958,-24.907896110435829,102.52859813961597,204.696,-77.6308,314.851
51.777878250956626,-25.776269945598784,102.52859813961597,204.696,-77.6308,314.851
51.324547686058168,-26.690555408914957,102.56262168899781,330.9605712890625,-164.78494262695312,535.50238037109375
50.626647554238801,-27.96975853055471,102.52859813637694,126.265,-87.1542,220.651
44.632211619004337,-36.654200919874754,102.52859655215047,180.169,-124.362,314.851
44.104634792499262,-37.41852703061285,102.52859655215047,180.169,-124.362,314.851
43.445675248739143,-38.19775319461052,102.56261999337629,281.90777587890625,-239.2010498046875,535.50250244140625
42.461925217899626,-39.272761542896973,102.52859637240843,101.738,-114.839,220.651
34.563346331762276,-46.270283452589872,102.52859774695928,145.172,-163.866,314.851
33.868184880519436,-46.886142787131853,102.52859774695928,145.172,-163.866,314.851
33.04188976157505,-47.485028679440362,102.56262153531398,216.47149658203125,-299.71514892578125,535.5025634765625
31.829454298562631,-48.293375739527676,102.52859769835395,71.2991,-135.849,220.651
22.485783884461103,-53.197299675636835,102.5285992756219,101.738,-193.846,314.852
21.663437823756066,-53.628899871741723,102.5285992756219,101.738,-193.846,314.852
20.717838639399165,-54.01263486451046,102.56262265079731,138.45474243164062,-342.81060791015625,535.502197265625
19.347192410413768,-54.507334743907663,102.52860017109913,36.7165,-148.964,220.651
9.1014642709764946,-57.032688751010092,102.52859767839008,52.3914,-212.56,314.851
8.1997272248838176,-57.254946898855941,102.52859767839008,52.3914,-212.56,314.851
5.7405560974520702,-57.553543725126822,102.52859808053768,0.0,-153.423,220.651
-4.8118300079339313,-57.553543837063991,102.52859800270558,0.0,-218.922,314.851
-5.7405560974520702,-57.553543837063991,102.52859800270558,0.0,-218.922,314.851
-8.199730413593695,-57.254946092643415,102.52859769207174,-36.7166,-148.965,220.651
-18.445474112253795,-54.729592094605472,102.52859875120262,-52.3916,-212.561,314.851
-19.347212931287853,-54.507333281906611,102.52859875120262,-52.3916,-212.561,314.851
-20.309472702213775,-54.167512405396565,102.56262259463661,-123.69084167480469,-348.41009521484375,535.5025634765625
-21.663467898907438,-53.628893429566688,102.52859844129544,-71.2993,-135.849,220.651
-31.007133864326654,-48.724954236751977,102.52859873612944,-101.738,-193.846,314.851
-31.829479703414023,-48.293353597411738,102.52859873612944,-101.738,-193.846,314.851
-32.682451458829732,-47.733125214030196,102.56262225154177,-203.47653198242188,-308.68475341796875,535.50244140625
-33.868199287805908,-46.886126037956544,102.52859910645944,-101.738,-114.839,220.651
-41.766766391778098,-39.888606496477877,102.5285990451554,-145.172,-163.866,314.851
-42.461926956550244,-39.272747826788915,102.5285990451554,-145.172,-163.866,314.851
-43.156043023295183,-38.52466748559798,102.56262269725769,-271.43682861328125,-251.01966857910156,535.502197265625
-44.104637435049177,-37.418511800471521,102.528598422633,-126.265,-87.1541,220.651
-50.099069937610935,-28.734073748149992,102.52859820201161,-180.17,-124.362,314.851
-50.626646099262999,-27.969747194176541,102.52859820201161,-180.17,-124.362,314.851
-51.12156383830721,-27.077293610075728,102.56262186904773,-323.6224365234375,-178.7664794921875,535.5023193359375
-51.777871486556776,-25.776268792580638,102.5285984952792,-143.453,-54.4045,220.651
-55.519793472816993,-15.909630887878324,102.52859866161681,-204.696,-77.6309,314.851
-55.849123983085676,-15.041257939186055,102.52859866161681,-204.696,-77.6309,314.851
-56.441965649540549,-12.636004585724667,102.5285986554115,-152.304,-18.4931,220.651
-57.713912371205922,-2.1605597407915127,102.52859863883435,-217.326,-26.3881,314.851
-57.825857663017665,-1.2386054008825806,102.52859863883435,-217.326,-26.3881,314.851
-80.262659710061556,-1.6292177118920046,86.137212757212041,-355.394,-43.1526,314.852
-80.182999666418752,-2.2852776435687416,86.137212757212041,-355.394,-43.1526,314.852
-78.320276373738764,-17.626220725428897,86.13721211293803,-286.36,-34.7703,253.693
-77.941335697904705,-19.392045110721728,86.185635899565256,-621.099365234375,-161.72023010253906,568.54388427734375
-77.540476674011487,-20.789994209090572,86.137211971701333,-334.739,-126.95,314.851
-77.306126188594007,-21.407925577841205,86.137211971701333,-334.739,-126.95,314.851
-71.826200062343105,-35.857298348551254,86.137212340500952,-269.718,-102.29,253.693
-71.035681721628762,-37.481121600009892,86.185636608029796,-564.34918212890625,-305.65985107421875,568.54400634765625
-70.3119224995595,-38.742512054354663,86.137213136937746,-294.632,-203.369,314.851
-69.936500994761417,-39.286404293146838,86.137213136937746,-294.632,-203.369,314.851
-61.157850263613199,-52.004486655725387,86.137211649941818,-237.401,-163.866,253.693
-60.001695883369948,-53.391942726983793,86.185636166430712,-474.80108642578125,-431.8353271484375,568.54388427734375
-58.997094495313206,-54.44347601794059,86.137212335884911,-237.4,-267.97,314.851
-58.502420544777152,-54.881719095578575,86.137212335884911,-237.4,-267.97,314.851
-46.935230694161291,-65.12935679400826,86.13721300120433,-191.286,-215.918,253.693
-45.480634033395134,-66.199809457388184,86.185636441341444,-357.6593017578125,-532.9144287109375,568.54400634765625
-44.253579678183172,-66.980367785049651,86.137213132217354,-166.373,-316.997,314.851
-43.668401202562869,-67.287493441379169,86.137213132217354,-166.373,-316.997,314.851
-29.984898081035549,-74.46915236549718,86.137214799339134,-134.056,-255.422,253.693
-28.316390673466177,-75.160393042260864,86.185638186850511,-219.731689453125,-603.0228271484375,568.5445556640625
-26.938189692364467,-75.624617323332743,86.137214466801495,-85.6761,-347.601,314.852
-26.296515030188726,-75.782775996555372,86.137214466801495,-85.6761,-347.601,314.852
-11.291948916381649,-79.481071634301955,86.137214844743852,-69.0338,-280.081,253.693
-9.5065006970269188,-79.752925631736659,86.185638661905728,-69.033828735351562,-638.085205078125,568.54449462890625
-8.0572511782696452,-79.873835249265852,86.137214923942864,0.0,-358.004,314.852
-7.3963727759947364,-79.873835249265852,86.137214923942864,0.0,-358.004,314.852
8.057251432408389,-79.873835553750538,86.137214577726454,0.0,-288.463,253.693
9.8558759577295376,-79.710503200480844,86.185639339064949,85.675918579101562,-636.06365966796875,568.5438232421875
11.291951780345247,-79.481070584732663,86.137215293310476,85.6759,-347.6,314.851
11.933624663549775,-79.322912165648773,86.137215293310476,85.6759,-347.6,314.851
26.938157157711014,-75.624631743912516,86.137211450990876,69.0336,-280.081,253.692
28.645427195516056,-75.035608921662458,86.185634596791118,235.40625,-597.0775146484375,568.54364013671875
29.984859093587023,-74.469171819553665,86.137210813895763,166.373,-316.997,314.851
30.57003795041544,-74.162046671501642,86.137210813895763,166.373,-316.997,314.851
44.253544403454299,-66.980391872170259,86.137212607573019,134.055,-255.422,253.693
45.770243653708185,-65.999907005058333,86.185636408342404,371.4561767578125,-523.3917236328125,568.54443359375
46.935198920704089,-65.129380450239012,86.137212840614822,237.401,-267.97,314.852
47.429873887795125,-64.691136991392909,86.137212840614822,237.401,-267.97,314.852
58.99708018764327,-54.443482919192419,86.137215414539895,191.287,-215.918,253.693
60.23506037975573,-53.128518838138092,86.185639803539942,485.91806030273438,-419.28726196289062,568.54443359375
61.157834917300249,-52.004494214567721,86.137215667027334,294.631,-203.369,314.851
61.533256295028963,-51.460602229914294,86.137215667027334,294.631,-203.369,314.851
70.311918608525019,-38.742536871670431,86.137210448282062,237.401,-163.866,253.693
71.199236235532922,-37.169513451748919,86.185634558166043,572.14031982421875,-290.81610107421875,568.54425048828125
71.826200719443335,-35.857317021839123,86.137210046189239,334.74,-126.95,314.852
72.060551713138295,-35.239384763602885,86.137210046189239,334.74,-126.95,314.852
77.540468943650652,-20.789982487207954,86.137217243287537,269.718,-102.29,253.693
78.025550137970171,-19.050325154630343,86.185641024348499,625.11138916015625,-145.4427490234375,568.5443115234375
78.320264461479084,-17.62621873026028,86.137217759638929,355.394,-43.1525,314.851
78.399924250983133,-16.970159560999775,86.137217759638929,355.394,-43.1525,314.851
80.262649195281469,-1.6292238417649378,86.137216541353041,286.36,-34.7703,253.693
92.222611430107122,-1.6292238417649378,72.637216541353041,286.36,-34.7703,253.693
91.801497179796698,-5.097408368893765,72.637217759638929,355.394,-43.1525,314.851
89.932695343007538,-20.488417913226886,72.637217759638929,355.394,-43.1525,314.851
89.637981019498625,-21.912524337596949,72.685641024348499,625.11138916015625,-145.4427490234375,568.5443115234375
89.152899825179105,-23.65218167017456,72.637217243287537,269.718,-102.29,253.693
87.914034083330023,-26.918826843613303,72.637210046189239,334.74,-126.95,314.852
82.416209268612903,-41.415387108117244,72.637210046189239,334.74,-126.95,314.852
81.78924478470249,-42.727583538027041,72.685634558166043,572.14031982421875,-290.81610107421875,568.54425048828125
80.901927157694587,-44.300606957948553,72.637210448282062,237.401,-163.866,253.693
78.917301312199186,-47.175822499986872,72.637215667027334,294.631,-203.369,314.851
70.109995083582021,-59.935413584313814,72.637215667027334,294.631,-203.369,314.851
69.187220546037508,-61.059438207884185,72.685639803539942,485.91806030273438,-419.28726196289062,568.54443359375
67.949240353925035,-62.374402288938512,72.637215414539895,191.287,-215.918,253.693
65.334194220358668,-64.691134137441637,72.637212840614822,237.401,-267.97,314.852
53.729223972899689,-74.972233120395813,72.637212840614822,237.401,-267.97,314.852
52.564268705903785,-75.842759675215135,72.685636408342404,371.4561767578125,-523.3917236328125,568.54443359375
51.047569455649899,-76.823244542327046,72.637212607573019,134.055,-255.422,253.693
47.954082967585656,-78.446832109331595,72.637210813895763,166.373,-316.997,314.851
34.225910582250279,-85.651923214607336,72.637210813895763,166.373,-316.997,314.851
32.886478684179316,-86.218360316716115,72.685634596791118,235.40625,-597.0775146484375,568.54364013671875
31.179208646374274,-86.807383138966173,72.637211450990876,69.0336,-280.081,253.692
27.787078494228862,-87.643464377735825,72.637215293310476,85.6759,-347.6,314.851
12.733568182235704,-91.353827484741203,72.637215293310476,85.6759,-347.6,314.851
11.297492359619994,-91.583260100489383,72.685639339064949,85.675918579101562,-636.06365966796875,568.5438232421875
9.4988678342988457,-91.746592453759078,72.637214577726454,0.0,-288.463,253.693
6.0052058607213663,-91.746592149274392,72.637214923942864,0.0,-358.004,314.852
-9.4988618722575744,-91.746592149274392,72.637214923942864,0.0,-358.004,314.852
-10.948111391014848,-91.625682531745198,72.685638661905728,-69.033828735351562,-638.085205078125,568.54449462890625
-12.733559610369579,-91.353828534310495,72.637214844743852,-69.0338,-280.081,253.693
-16.125700550550718,-90.517740641384307,72.637214466801495,-85.6761,-347.601,314.852
-31.179252596832782,-86.807371572337658,72.637214466801495,-85.6761,-347.601,314.852
-32.557453577934496,-86.343147291265794,72.685638186850511,-219.731689453125,-603.0228271484375,568.5445556640625
-34.22596098550386,-85.651906614502096,72.637214799339134,-134.056,-255.422,253.693
-37.319446996007834,-84.028320630613479,72.637213132217354,-166.373,-316.997,314.851
-51.047610438281296,-76.82321760125518,72.637213132217354,-166.373,-316.997,314.851
-52.274664793493258,-76.042659273593728,72.685636441341444,-357.6593017578125,-532.9144287109375,568.54400634765625
-53.729261454259415,-74.972206610213789,72.63721300120433,-191.286,-215.918,253.693
-56.344302554398553,-72.655482573627665,72.637212335884911,-237.4,-267.97,314.851
-67.949248953692447,-62.37439253373541,72.637212335884911,-237.4,-267.97,314.851
-68.953850341749188,-61.322859242778613,72.685636166430712,-474.80108642578125,-431.8353271484375,568.54388427734375
-70.110004721992439,-59.935403171520207,72.637211649941818,-237.401,-163.866,253.693
-72.094627546993792,-57.060176333049732,72.637213136937746,-294.632,-203.369,314.851
-80.901936756631585,-44.300579286681518,72.637213136937746,-294.632,-203.369,314.851
-81.625695978700847,-43.039188832336748,72.685636608029796,-564.34918212890625,-305.65985107421875,568.54400634765625
-82.416214319415189,-41.41536558087811,72.637212340500952,-269.718,-102.29,253.693
-83.655083249100315,-38.148738497319187,72.637211971701333,-334.739,-126.95,314.851
-89.152896139734892,-23.652199099959702,72.637211971701333,-334.739,-126.95,314.851
-89.553755163628111,-22.254250001590862,72.685635899565256,-621.099365234375,-161.72023010253906,568.54388427734375
-89.93269583946217,-20.488425616298031,72.63721211293803,-286.36,-34.7703,253.693
-90.353808438154232,-17.020239434446413,72.637212757212041,-355.394,-43.1526,314.852
-92.222616236984663,-1.6292120039894771,72.637212757212041,-355.394,-43.1526,314.852
-103.16089255175824,-1.9241391815339102,55.567084705058335,-477.647,-57.9966,250.688
-101.94451694573642,-11.941924082098694,55.567084705058335,-477.647,-57.9966,250.688
-100.62370712748489,-22.819763459445578,55.567088305072879,-420.416,-51.0477,220.651
-100.22202107009807,-24.829518119338584,55.614822886835114,-870.30316162109375,-221.66744995117188,471.33956909179688
-99.702744382064736,-26.556259009969537,55.567087344497807,-449.887,-170.62,250.688
-96.12430069550274,-35.991840543732586,55.567087344497807,-449.887,-170.62,250.688
-92.238639658934943,-46.237483572625194,55.567088580511282,-395.982,-150.176,220.651
-91.367659524555108,-48.092709238957362,55.614823194740268,-791.965087890625,-423.50344848632812,471.33953857421875
-90.450236650127266,-49.645001209849369,55.567088088662899,-395.983,-273.327,250.688
-84.717689179184376,-57.950030067121951,55.567088088662899,-395.983,-273.327,250.688
-78.492997245223762,-66.968060559668444,55.567085341060306,-348.537,-240.577,220.651
-77.203342961456158,-68.560936410841208,55.614820659189036,-667.60107421875,-600.7264404296875,471.3392333984375
-75.941090254928596,-69.848569427068043,55.567085637095303,-319.064,-360.149,250.688
-68.387606778338323,-76.540375525748189,55.567085637095303,-319.064,-360.149,250.688
-60.185639026880089,-83.806687717820395,55.567086311472593,-280.835,-316.997,220.651
-58.552257090151805,-85.044644897344071,55.614821273608527,-504.43853759765625,-743.03814697265625,471.33941650390625
-57.018533775806461,-85.992783800720602,55.56708595087531,-223.604,-426.042,250.688
-48.083074506440596,-90.68247670781038,55.56708595087531,-223.604,-426.042,250.688
-38.380496772449987,-95.774789163103549,55.567082798837603,-196.812,-374.994,220.651
-36.498316366099807,-96.585879440677644,55.614818261862254,-311.96011352539062,-842.16705322265625,471.33935546875
-34.782254373648051,-97.139423421642419,55.56708390060539,-115.148,-467.173,250.688
-24.984128900307979,-99.554447492847984,55.56708390060539,-115.148,-467.173,250.688
-14.34480548857614,-102.17680482337425,55.567086864698162,-101.351,-411.197,220.651
-12.323211635908635,-102.51389051209605,55.614822073506943,-101.35112762451172,-892.352294921875,471.33969116210938
-10.524542511655413,-102.64066887839262,55.567087021347163,0.0,-481.155,250.688
-0.43318143752745897,-102.64066887839262,55.567087021347163,0.0,-481.155,250.688
10.524546725415872,-102.64066878268366,55.567087205044679,0.0,-423.504,220.651
12.568067224475374,-102.48416025770388,55.61482187558741,115.14788055419922,-890.67633056640625,471.33929443359375
14.34481251743571,-102.17680469088256,55.567085818552947,115.148,-467.173,250.688
24.142924328239495,-99.761784035311052,55.567085818552947,115.148,-467.173,250.688
34.78221552071264,-97.139429484801141,55.56708677705037,101.351,-411.196,220.651
36.728892817490944,-96.498424077863049,55.614821942285822,324.95443725585938,-837.23779296875,471.33905029296875
38.380443190930016,-95.774801420227561,55.567087989164548,223.603,-426.041,250.688
47.315899044661805,-91.085118760040004,55.567087989164548,223.603,-426.041,250.688
57.018486641763751,-85.992814602220591,55.567088202472547,196.812,-374.994,220.651
58.755205126484853,-84.90456010457855,55.614823346624433,515.8765869140625,-735.1436767578125,471.33984375
60.185599899001332,-83.806715386969671,55.567088279972921,319.065,-360.15,250.689
67.739097038127881,-77.114900749204352,55.567088279972921,319.065,-360.15,250.689
75.941077367791323,-69.848589031866581,55.567083286429934,280.835,-316.997,220.651
77.366890259933044,-68.376336456316608,55.614818677347493,676.8173828125,-590.32440185546875,471.33944702148438
78.492988080612392,-66.968078724096273,55.567083766823842,395.983,-273.327,250.688
84.225535551555296,-58.663053282457767,55.567083766823842,395.983,-273.327,250.688
90.450230925321947,-49.64501765111163,55.567087950139197,348.536,-240.577,220.651
91.482278164709101,-47.874325667039486,55.614823619664229,798.4241943359375,-411.197021484375,471.33966064453125
92.238634176749187,-46.237497420044463,55.567088283999084,449.888,-170.62,250.688
95.817077863311198,-36.801907347196234,55.567088283999084,449.888,-170.62,250.688
99.702746644926719,-26.556260817154563,55.567080617977581,395.983,-150.177,220.651
100.28105205608937,-24.590034481058531,55.614815833457769,873.6292724609375,-208.17327880859375,471.339111328125
100.62371254581248,-22.81975675624,55.567080077945903,477.646,-57.9966,250.688
101.84008815183429,-12.801978686943359,55.567080077945903,477.646,-57.9966,250.688
103.16089137828335,-1.9241551671623243,55.567080264824597,420.415,-51.0475,220.651
111.2799611915936,-2.1074858852132135,38.028062082421172,523.76,-63.5958,129.096
108.76152809565755,-22.848704306100267,38.028058725462827,556.077,-67.52,137.061
108.55073058491033,-24.584779536990311,38.028058725462827,556.077,-67.52,137.061
108.1781794272689,-26.598106617880291,38.057659521552154,1049.39892578125,-254.61196899414062,266.15643310546875
107.5420213345031,-28.677277641700545,38.028058875456303,493.322,-187.092,129.096
100.13306370704501,-48.213122845995031,38.028044743842244,523.76,-198.636,137.061
99.51292003702045,-49.848304695001517,38.028044743842244,523.76,-198.636,137.061
98.669373465477804,-51.713968589418116,38.057645921091122,957.97265625,-498.35162353515625,266.15560913085938
97.554121404520941,-53.58047995191928,38.028045683501809,434.212,-299.715,129.095
85.685226511718255,-70.775530690099416,38.028057601289319,461.004,-318.208,137.061
84.691780785390236,-72.214787053831671,38.028057601289319,461.004,-318.208,137.061
83.426259762994306,-73.824371837880989,38.057658628189543,810.87274169921875,-713.1278076171875,266.15643310546875
81.896726025753878,-75.369753542812475,38.028057364888234,349.869,-394.92,129.096
66.257653547425591,-89.224765522445892,38.028049581201429,371.456,-419.288,137.061
64.948636542438976,-90.384452338462083,38.028049581201429,371.456,-419.288,137.061
63.33469354633273,-91.644402101530517,38.057650185233513,616.64703369140625,-886.4605712890625,266.1558837890625
61.479771437583324,-92.7788348579397,38.028048515107571,245.191,-467.173,129.095
42.979441289731042,-102.48854350631647,38.028050346484292,260.32,-495.999,137.061
41.430930873300134,-103.30126359855937,38.028050346484292,260.32,-495.999,137.061
39.562367608245154,-104.13835642102683,38.057652551512646,386.58477783203125,-1008.2744140625,266.15594482421875
37.489866013976645,-104.79591117810679,38.028053452557813,126.265,-512.275,129.095
17.203452253754087,-109.79607048693694,38.028048705452413,134.055,-543.883,137.06
15.505446620441237,-110.21459130605245,38.028048705452413,134.055,-543.883,137.06
13.490840991701656,-110.58018589400287,38.057649357267429,134.05523681640625,-1071.49072265625,266.155517578125
11.321196116535685,-110.72265150712371,38.028048056845364,0.0,-527.607,129.095
-9.5723685767930249,-110.72265134947816,38.028048701137102,0.0,-560.162,137.061
-11.321196116535685,-110.72265134947816,38.028048701137102,0.0,-560.162,137.061
-13.364753876882169,-110.59549550435221,38.057649921827959,-126.26488494873047,-1072.43798828125,266.1558837890625
-15.505451738818429,-110.2145900702828,38.02804860308089,-126.265,-512.276,129.095
-35.791886577528352,-105.21442589540536,38.028051647970891,-134.056,-543.885,137.061
-37.489895556001571,-104.79590396123638,38.028051647970891,-134.056,-543.885,137.061
-39.443638067396883,-104.18338851127857,38.057652193258178,-379.2470703125,-1011.0577392578125,266.15603637695312
-41.430971454534934,-103.30125047653718,38.028051209622909,-245.191,-467.173,129.095
-59.931312141571055,-93.591518831731378,38.028049237250912,-260.32,-495.999,137.061
-61.479822000475238,-92.778797624435029,38.028049237250912,-260.32,-495.999,137.061
-63.230207072287797,-91.716519737559608,38.057650073699193,-610.1885986328125,-890.9180908203125,266.15579223632812
-64.948683597825053,-90.384413989992879,38.028049393758401,-349.868,-394.919,129.095
-80.587717810515215,-76.529429056603192,38.028055566228787,-371.456,-419.287,137.061
-81.896732585394901,-75.369743355640452,38.028055566228787,-371.456,-419.287,137.061
-83.342037197263764,-73.919437175883218,38.057656477801977,-805.6680908203125,-719.00201416015625,266.15618896484375
-84.691783493507856,-72.214782953132243,38.028056457988207,-434.212,-299.715,129.095
-96.560688138460435,-55.019708733293541,38.028049836732954,-461.004,-318.208,137.061
-97.554134422315187,-53.580452090797934,38.028049836732954,-461.004,-318.208,137.061
-98.610356852458537,-51.826409390517398,38.057650569907516,-954.325439453125,-505.30001831054688,266.15582275390625
-99.512930578827664,-49.848275961005299,38.028049745510664,-493.321,-187.092,129.095
-106.92188330465417,-30.312468263553527,38.028053873432839,-523.76,-198.636,137.061
-107.54202585962527,-28.677287808363861,38.028053873432839,-523.76,-198.636,137.061
-108.14778994211048,-26.721435147094176,38.057654879337193,-1047.5205078125,-262.23196411132812,266.15606689453125
-108.55073943315769,-24.584775360091641,38.028053576064416,-523.76,-63.5958,129.095
-111.06917202118949,-3.8435486575239497,38.02805610586713,-556.078,-67.52,137.061
-111.27996953193671,-2.107472311580449,38.02805610586713,-556.078,-67.52,137.061
-114.6074221733833,-2.107472311580449,24.528056105867133,-556.078,-67.52,137.061
-112.73290054205894,-17.545570477758645,24.528056105867133,-556.078,-67.52,137.061
-111.78150005138897,-25.381087458809425,24.528053576064416,-523.76,-63.5958,129.095
-111.37855056034176,-27.517747245811961,24.557654879337189,-1047.5205078125,-262.23196411132812,266.15606689453125
-110.77278647785656,-29.473599907081645,24.528053873432839,-523.76,-198.636,137.061
-105.25815478378472,-44.014479083057445,24.528053873432839,-523.76,-198.636,137.061
-102.45923870098498,-51.394617883926522,24.528049745510668,-493.321,-187.092,129.095
-101.55666497461586,-53.37275131343862,24.557650569907516,-954.325439453125,-505.30001831054688,266.15582275390625
-100.50044254447251,-55.126794013719156,24.528049836732954,-461.004,-318.208,137.061
-91.666198999359707,-67.925416254664299,24.528049836732954,-461.004,-318.208,137.061
-87.182419345525048,-74.421289730560261,24.528056457988207,-434.212,-299.715,129.095
-85.832673049280956,-76.125943953311221,24.557656477801974,-805.6680908203125,-719.00201416015625,266.15618896484375
-84.387368437412093,-77.576250133068442,24.52805556622879,-371.456,-419.287,137.061
-72.746924949549452,-87.888781454175785,24.52805556622879,-371.456,-419.287,137.061
-66.838890763586988,-93.12284790314348,24.528049393758401,-349.868,-394.919,129.095
-65.120414238049733,-94.454953650710223,24.557650073699193,-610.1885986328125,-890.9180908203125,266.15579223632812
-63.370029166237174,-95.517231537585644,24.528049237250915,-260.32,-495.999,137.061
-49.599870227711179,-102.7443732524606,24.528049237250915,-260.32,-495.999,137.061
-42.610901036820074,-106.41246835358845,24.528051209622909,-245.191,-467.173,129.095
-40.623567649682023,-107.29460638832984,24.557652193258178,-379.2470703125,-1011.0577392578125,266.15603637695312
-38.669825138286711,-107.90712183828765,24.528051647970891,-134.056,-543.885,137.061
-23.570241898198834,-111.62883760239934,24.528051647970891,-134.056,-543.885,137.061
-15.906533982563332,-113.5177750996409,24.52804860308089,-126.265,-512.276,129.095
-13.765836120627071,-113.89868053371032,24.557649921827963,-126.26488494873047,-1072.43798828125,266.1558837890625
-11.722278360280589,-114.02583637883626,24.528048701137102,0.0,-560.162,137.061
3.8292100851139388,-114.02583637883626,24.528048701137102,0.0,-560.162,137.061
11.722278360280589,-114.02583653648182,24.528048056845364,0.0,-527.607,129.095
13.891923235446558,-113.88337092336097,24.557649357267429,134.05523681640625,-1071.49072265625,266.155517578125
15.906528864186141,-113.51777633541056,24.528048705452413,134.055,-543.883,137.06
31.006082357359784,-109.79607048693694,24.528048705452413,134.055,-543.883,137.06
38.669786795677162,-107.90713345545038,24.528053452557817,126.265,-512.275,129.095
40.742288389945671,-107.24957869837041,24.557652551512646,386.58477783203125,-1008.2744140625,266.15594482421875
42.610851655000651,-106.41248587590296,24.528050346484292,260.32,-495.999,137.061
56.381015551345691,-99.185354076666073,24.528050346484292,260.32,-495.999,137.061
63.369978603345274,-95.517268771090315,24.528048515107567,245.191,-467.173,129.095
65.22490071209468,-94.382836014681132,24.557650185233513,616.64703369140625,-886.4605712890625,266.1558837890625
66.838843708200926,-93.122886251612698,24.528049581201429,371.456,-419.288,137.061
78.479307027339715,-82.810345014867281,24.528049581201429,371.456,-419.288,137.061
84.38736187777107,-77.576262520386635,24.528057364888237,349.869,-394.92,129.096
85.916895615011498,-76.030880815455134,24.557658628189539,810.87274169921875,-713.1278076171875,266.15643310546875
87.182416637407428,-74.421296031405831,24.528057601289319,461.004,-318.208,137.061
96.016655224701196,-61.622676269370203,24.528057601289319,461.004,-318.208,137.061
100.50042512638596,-55.126821874840502,24.528045683501809,434.212,-299.715,129.095
101.61567718734283,-53.260310512339338,24.557645921091122,957.97265625,-498.35162353515625,266.15560913085938
102.45922375888549,-51.394646617922746,24.528044743842241,523.76,-198.636,137.061
107.9738653685954,-36.853755047399346,24.528044743842241,523.76,-198.636,137.061
110.7727863530267,-29.47358974041833,24.528058875456303,493.322,-187.092,129.096
111.4089444457925,-27.394418716598075,24.557659521552154,1049.39892578125,-254.61196899414062,266.15643310546875
111.78149560343391,-25.381091635708096,24.528058725462831,556.077,-67.52,137.061
113.65601723475828,-9.9430033851679767,24.528058725462831,556.077,-67.52,137.061
114.60741823333248,-2.1074858852132135,24.528062082421172,523.76,-63.5958,129.096
117.13964924987059,-2.1696583184276457,6.75,572.72,-69.5407,0.0
114.88964545993183,-20.700123100839033,6.75,572.72,-69.5407,0.0
114.25502095397215,-25.926730767158116,6.75,572.72,-69.5407,0.0
113.86321263138093,-28.064758741450262,6.75,1112.1551513671875,-274.12191772460938,0.0
113.21655004533083,-30.139969141487899,6.75,539.436,-204.581,0.0
106.59728019287517,-47.59352134171057,6.75,539.436,-204.581,0.0
104.73028295548708,-52.516380579476177,6.75,539.436,-204.581,0.0
103.83820300485722,-54.498499751484388,6.75,1014.236572265625,-532.31231689453125,0.0
102.71370939839292,-56.358640757325404,6.75,474.801,-327.731,0.0
92.109899887487998,-71.72092972180117,6.75,474.801,-327.731,0.0
89.119043871049172,-76.053937998536341,6.75,474.801,-327.731,0.0
87.778521676767696,-77.764989156248944,6.75,857.3739013671875,-759.5670166015625,0.0
86.241530091201952,-79.301980022411286,6.75,382.573,-431.836,0.0
72.269385866757176,-91.680208408169506,6.75,382.573,-431.836,0.0
68.328474671280077,-95.171547893505036,6.75,382.573,-431.836,0.0
66.617431663127277,-96.512063228593973,6.75,650.683837890625,-942.67919921875,0.0
64.757282473858183,-97.636561434948987,6.75,268.111,-510.843,0.0
48.228841064001152,-106.31134740003887,6.75,268.111,-510.843,0.0
43.566913821514426,-108.75811294862086,6.75,268.111,-510.843,0.0
41.584790827708041,-109.65019342561011,6.75,406.1781005859375,-1071.00390625,0.0
39.509586292385833,-110.29685321691557,6.75,138.067,-560.161,0.0
21.385467574149992,-114.76404747286381,6.75,138.067,-560.161,0.0
16.273471790432708,-116.02404132726713,6.75,138.067,-560.161,0.0
14.135447517131299,-116.41584866308483,6.75,138.06721496582031,-1137.087158203125,0.0
11.965789794921875,-116.54708862304688,6.75,0.0,-576.927,0.0
-6.7007901775937437,-116.54708862304688,6.75,0.0,-576.927,0.0
-11.965789794921875,-116.54708862304688,6.75,0.0,-576.927,0.0
-14.135450656675387,-116.41584828187533,6.75,-138.06756591796875,-1137.08837890625,0.0
-16.273474148277209,-116.02404074611049,6.75,-138.068,-560.162,0.0
-34.397628571979787,-111.55683458834001,6.75,-138.068,-560.162,-0.0
-39.509634426597522,-110.29683737696986,6.75,-138.068,-560.162,-0.0
-41.584841997501073,-109.65017612136397,6.75,-406.17886352539062,-1071.0048828125,0.0
-43.566972045114341,-108.75809115702145,6.75,-268.111,-510.843,0.0
-60.09540750406024,-100.08329329010932,6.75,-268.111,-510.843,-0.0
-64.757333068063559,-97.636524384560516,6.75,-268.111,-510.843,-0.0
-66.617476984561677,-96.51202775884471,6.75,-650.683837890625,-942.67822265625,0.0
-68.328517759193033,-95.171512998638164,6.75,-382.573,-431.835,0.0
-82.300638179993328,-82.793296514702192,6.75,-382.573,-431.835,-0.0
-86.241542661536783,-79.301960386333477,6.75,-382.573,-431.835,-0.0
-87.778531903756829,-77.764970965381139,6.75,-857.3736572265625,-759.56646728515625,0.0
-89.119049751397853,-76.053925273680335,6.75,-474.801,-327.731,0.0
-99.722865213213879,-60.691633333748996,6.75,-474.801,-327.731,-0.0
-102.71372290813613,-56.358624217772125,6.75,-474.801,-327.731,-0.0
-103.83821820482271,-54.498480790077032,6.75,-1014.2362060546875,-532.3121337890625,0.0
-104.73030008697182,-52.516356568102701,6.75,-539.435,-204.581,0.0
-111.34955803760523,-35.062819245157833,6.75,-539.435,-204.581,-0.0
-113.21655191802651,-30.139964203600748,6.75,-539.435,-204.581,-0.0
-113.8632138587169,-28.064753761954737,6.75,-1112.155029296875,-274.12155151367188,0.0
-114.25502114845986,-25.926729165405661,6.75,-572.72,-69.5407,0.0
-116.50502493839862,-7.3962524811720289,6.75,-572.72,-69.5407,-0.0
-117.1396494443583,-2.1696414578861289,6.75,-572.72,-69.5407,-0.0
-117.1396494443583,-2.1696414578861289,-6.75,-572.72,-69.5407,-0.0
-114.88964565441954,-20.700118142119763,-6.75,-572.72,-69.5407,-0.0
-114.25502114845986,-25.926729165405661,-6.75,-572.72,-69.5407,0.0
-113.8632138587169,-28.064753761954737,-6.75,-1112.155029296875,-274.12155151367188,0.0
-113.21655191802651,-30.139964203600748,-6.75,-539.435,-204.581,-0.0
-106.5972939673931,-47.593501526545616,-6.75,-539.435,-204.581,-0.0
-104.73030008697182,-52.516356568102701,-6.75,-539.435,-204.581,0.0
-103.83821820482271,-54.498480790077032,-6.75,-1014.2362060546875,-532.3121337890625,0.0
-102.71372290813613,-56.358624217772125,-6.75,-474.801,-327.731,-0.0
-92.109907446320079,-71.720916157703456,-6.75,-474.801,-327.731,-0.0
-89.119049751397853,-76.053925273680335,-6.75,-474.801,-327.731,0.0
-87.778531903756829,-77.764970965381139,-6.75,-857.3736572265625,-759.56646728515625,0.0
-86.241542661536783,-79.301960386333477,-6.75,-382.573,-431.835,-0.0
-72.269422240736489,-91.680176870269449,-6.75,-382.573,-431.835,-0.0
-68.328517759193033,-95.171512998638164,-6.75,-382.573,-431.835,0.0
-66.617476984561677,-96.51202775884471,-6.75,-650.683837890625,-942.67822265625,0.0
-64.757333068063559,-97.636524384560516,-6.75,-268.111,-510.843,-0.0
-48.228897609117652,-106.31132225147265,-6.75,-268.111,-510.843,-0.0
-43.566972045114341,-108.75809115702145,-6.75,-268.111,-510.843,0.0
-41.584841997501073,-109.65017612136397,-6.75,-406.17886352539062,-1071.0048828125,0.0
-39.509634426597522,-110.29683737696986,-6.75,-138.068,-560.162,-0.0
-21.385480002894944,-114.76404353474034,-6.75,-138.068,-560.162,-0.0
-16.273474148277209,-116.02404074611049,-6.75,-138.068,-560.162,0.0
-14.135450656675387,-116.41584828187533,-6.75,-138.06756591796875,-1137.08837890625,0.0
-11.965789794921875,-116.54708862304688,-6.75,0.0,-576.927,0.0
6.700790177593742,-116.54708862304688,-6.75,0.0,-576.927,0.0
11.965789794921875,-116.54708862304688,-6.75,0.0,-576.927,0.0
14.135447517131299,-116.41584866308483,-6.75,138.06721496582031,-1137.087158203125,0.0
16.273471790432708,-116.02404132726713,-6.75,138.067,-560.161,0.0
34.39759050866855,-111.55684707131888,-6.75,138.067,-560.161,0.0
39.509586292385833,-110.29685321691557,-6.75,138.067,-560.161,0.0
41.584790827708041,-109.65019342561011,-6.75,406.1781005859375,-1071.00390625,0.0
43.566913821514426,-108.75811294862086,-6.75,268.111,-510.843,0.0
60.09535523137145,-100.08332698353098,-6.75,268.111,-510.843,0.0
64.757282473858183,-97.636561434948987,-6.75,268.111,-510.843,0.0
66.617431663127277,-96.512063228593973,-6.75,650.683837890625,-942.67919921875,0.0
68.328474671280077,-95.171547893505036,-6.75,382.573,-431.836,0.0
82.300618895724867,-82.793319507746816,-6.75,382.573,-431.836,0.0
86.241530091201952,-79.301980022411286,-6.75,382.573,-431.836,0.0
87.778521676767696,-77.764989156248944,-6.75,857.3739013671875,-759.5670166015625,0.0
89.119043871049172,-76.053937998536341,-6.75,474.801,-327.731,0.0
99.722853381954096,-60.691649034060575,-6.75,474.801,-327.731,0.0
102.71370939839292,-56.358640757325404,-6.75,474.801,-327.731,0.0
103.83820300485722,-54.498499751484388,-6.75,1014.236572265625,-532.31231689453125,0.0
104.73028295548708,-52.516380579476177,-6.75,539.436,-204.581,0.0
111.34955280794274,-35.062828379253503,-6.75,539.436,-204.581,0.0
113.21655004533083,-30.139969141487899,-6.75,539.436,-204.581,0.0
113.86321263138093,-28.064758741450262,-6.75,1112.1551513671875,-274.12191772460938,0.0
114.25502095397215,-25.926730767158116,-6.75,572.72,-69.5407,0.0
116.50502474391091,-7.3962659847467283,-6.75,572.72,-69.5407,0.0
117.13964924987059,-2.1696583184276457,-6.75,572.72,-69.5407,0.0
114.6074180445425,-2.1074887813349532,-24.528061421664088,556.077,-67.52,-137.061
112.7328974132013,-17.545574234249795,-24.528058742763896,523.76,-63.5958,-129.095
111.7814959485176,-25.381088758563692,-24.528058742763896,523.76,-63.5958,-129.095
111.37854545949628,-27.517752070108315,-24.557659687132251,1047.5206298828125,-262.23233032226562,-266.15643310546875
110.77278099239419,-29.473604014102982,-24.528058674209262,523.76,-198.636,-137.061
105.25814812695596,-44.01448259418548,-24.528044085553454,493.322,-187.092,-129.095
102.45922931616376,-51.394632418812741,-24.528044085553454,493.322,-187.092,-129.095
101.55665601852458,-53.372766207783066,-24.557645484339119,954.3258056640625,-505.29983520507812,-266.15554809570312
100.50043253263445,-55.126811122088384,-24.528045736770828,461.004,-318.208,-137.06
91.666183676192787,-67.925440358818136,-24.52805828008443,434.212,-299.715,-129.095
87.18240906477881,-74.421306709880554,-24.52805828008443,434.212,-299.715,-129.095
85.83266058480983,-76.125962664384275,-24.557658179179633,805.668212890625,-719.002685546875,-266.15643310546875
84.387355584990502,-77.576268241748025,-24.528056916888502,371.456,-419.288,-137.061
72.746899797192199,-87.888805155177138,-24.528049731393509,349.869,-394.92,-129.095
66.838849515624617,-93.122881057590092,-24.528049731393509,349.869,-394.92,-129.095
65.120370505671474,-94.454987946108275,-24.557650233084409,610.188720703125,-890.91900634765625,-266.156005859375
63.369980457474334,-95.517267610618504,-24.528049193098379,260.32,-495.999,-137.061
49.599814892621794,-102.74439996055003,-24.528050369233799,245.191,-467.173,-129.095
42.61085050960498,-106.41248647076583,-24.528050369233799,245.191,-467.173,-129.095
40.623522305561778,-107.29462069139461,-24.557652672753228,379.24624633789062,-1011.0564575195312,-266.15570068359375
38.669782229102346,-107.90713453163312,-24.528053648497988,134.055,-543.883,-137.061
23.570233342704142,-111.62884049278904,-24.528048695582555,126.265,-512.275,-129.095
15.906533181517101,-113.51777527377061,-24.528048695582555,126.265,-512.275,-129.095
13.765834005032501,-113.8986810034833,-24.55764903258493,126.26467895507812,-1072.4373779296875,-266.15567016601562
11.722278360280589,-114.02583659639913,-24.528047811965408,0.0,-560.162,-137.061
-3.8292100851139388,-114.02583653648182,-24.528048056845364,0.0,-527.607,-129.095
-11.722278360280589,-114.02583653648182,-24.528048056845364,0.0,-527.607,-129.095
-13.89192641074745,-113.88337065807384,-24.557648825948966,-134.05557250976562,-1071.4918212890625,-266.15576171875
-15.906530784367781,-113.51777590666632,-24.528048528715829,-134.056,-543.885,-137.061
-31.006117055031147,-109.79605865546885,-24.528051465643067,-126.265,-512.276,-129.095
-38.669827902520161,-107.90712120291181,-24.528051465643067,-126.265,-512.276,-129.095
-40.742334419022576,-107.24956413264513,-24.557651918827375,-386.58535766601562,-1008.27490234375,-266.15606689453125
-42.6109036760759,-106.41246692079626,-24.528051381890304,-260.32,-495.999,-137.061
-56.381060639235052,-99.185326892334771,-24.528049030883111,-245.191,-467.173,-129.095
-63.370027693827353,-95.517232367392495,-24.528049030883111,-245.191,-467.173,-129.095
-65.224944600617235,-94.38280158799617,-24.557649902534035,-616.647216796875,-886.4600830078125,-266.15579223632812
-66.838886302130646,-93.122851747548069,-24.528049724455645,-371.456,-419.287,-137.061
-78.479333836845285,-82.810314972507612,-24.528055441162547,-349.868,-394.919,-129.095
-84.387373432110891,-77.57624574903339,-24.528055441162547,-349.868,-394.919,-129.095
-85.916905400943392,-76.030865230146986,-24.557656511988569,-810.8724365234375,-713.1273193359375,-266.15615844726562
-87.182423121110446,-74.421284402869674,-24.528056127868446,-461.004,-318.208,-137.061
-96.016664235639141,-61.622668418002426,-24.528049778676966,-434.212,-299.715,-129.095
-100.5004388470531,-55.126799395364522,-24.528049778676966,-434.212,-299.715,-129.095
-101.61569032982764,-53.260287856247857,-24.55765063059674,-957.972412109375,-498.35125732421875,-266.15582275390625
-102.45923723188386,-51.394621983678611,-24.528049417903336,-523.76,-198.636,-137.061
-107.97386936367307,-36.853738822455448,-24.528053520867811,-493.321,-187.092,-129.095
-110.77278817446526,-29.473595676766926,-24.528053520867811,-493.321,-187.092,-129.095
-111.40894845573999,-27.394419041322564,-24.55765393398892,-1049.39892578125,-254.61196899414062,-266.15606689453125
-111.78149975915866,-25.381090189872054,-24.528053416293599,-556.078,-67.52,-137.061
-113.65602101595006,-9.942988958843431,-24.528056445661917,-523.76,-63.5958,-129.095
-114.60742248063376,-2.1074690913785434,-24.528056445661917,-523.76,-63.5958,-129.095
-111.27996983918717,-2.1074690913785434,-38.028056445661917,-523.76,-63.5958,-129.095
-108.76153627714163,-22.848698680360339,-38.028056445661917,-523.76,-63.5958,-129.095
-108.55073914092738,-24.58477809115427,-38.028053416293602,-556.078,-67.52,-137.061
-108.17818783750869,-26.59810694260478,-38.057653933988917,-1049.39892578125,-254.61196899414062,-266.15606689453125
-107.54202755623398,-28.677283578049142,-38.028053520867815,-493.321,-187.092,-129.095
-100.133072102415,-48.21309562032036,-38.028053520867815,-493.321,-187.092,-129.095
-99.512929109726542,-49.848280060757389,-38.02804941790334,-523.76,-198.636,-137.061
-98.669382207670324,-51.713945933326627,-38.05765063059674,-957.972412109375,-498.35125732421875,-266.15582275390625
-97.554130724895785,-53.5804574724433,-38.028049778676966,-434.212,-299.715,-129.095
-85.685231122363888,-70.775527239023958,-38.028049778676966,-434.212,-299.715,-129.095
-84.691787269093254,-72.21477762544167,-38.028056127868446,-461.004,-318.208,-137.061
-83.4262695489262,-73.824358452718982,-38.057656511988569,-810.8724365234375,-713.1273193359375,-266.15615844726562
-81.896737580093699,-75.369738971605386,-38.02805544116255,-349.868,-394.919,-129.095
-66.257697958100394,-89.2247266795016,-38.02805544116255,-349.868,-394.919,-129.095
-64.948679136368696,-90.384417834397453,-38.028049724455641,-371.456,-419.287,-137.061
-63.334737434855285,-91.644367674845554,-38.057649902534038,-616.647216796875,-886.4600830078125,-266.15579223632812
-61.47982052806541,-92.77879845424188,-38.028049030883111,-245.191,-467.173,-129.095
-42.979481977328085,-102.48852952286211,-38.028049030883111,-245.191,-467.173,-129.095
-41.430974093790759,-103.30124904374499,-38.028051381890307,-260.32,-495.999,-137.061
-39.562404836737436,-104.13834625559386,-38.057651918827375,-386.58535766601562,-1008.27490234375,-266.15606689453125
-37.489898320235021,-104.79590332586054,-38.028051465643067,-126.265,-512.276,-129.095
-17.20346054967159,-109.79606745605348,-38.028051465643067,-126.265,-512.276,-129.095
-15.505448540622877,-110.21459087730821,-38.028048528715829,-134.056,-543.885,-137.061
-13.490844167002546,-110.58018562871574,-38.057648825948966,-134.05557250976562,-1071.4918212890625,-266.15576171875
-11.321196116535685,-110.72265150712371,-38.028048056845364,0.0,-527.607,-129.095
9.5723685767930249,-110.72265150712371,-38.028048056845364,0.0,-527.607,-129.095
11.321196116535685,-110.72265156704103,-38.028047811965408,0.0,-560.162,-137.061
13.364751761287597,-110.5954959741252,-38.057649032584933,126.26467895507812,-1072.4373779296875,-266.15567016601562
15.505450937772199,-110.21459024441251,-38.028048695582555,126.265,-512.275,-129.095
35.79186042086441,-105.21443318608738,-38.028048695582555,126.265,-512.275,-129.095
37.489861447401829,-104.79591225428953,-38.028053648497988,134.055,-543.883,-137.061
39.443601523861261,-104.18339841405103,-38.057652672753228,379.24624633789062,-1011.0564575195312,-266.15570068359375
41.430929727904463,-103.30126419342224,-38.028050369233803,245.191,-467.173,-129.095
59.931261206773982,-93.591554340405423,-38.028050369233803,245.191,-467.173,-129.095
61.479773291712391,-92.778833697467888,-38.028049193098383,260.32,-495.999,-137.061
63.230163339909538,-91.71655403295766,-38.057650233084409,610.188720703125,-890.91900634765625,-266.156005859375
64.948642349862666,-90.384447144439477,-38.028049731393509,349.869,-394.92,-129.095
80.587710259327196,-76.529441756873752,-38.028049731393509,349.869,-394.92,-129.095
81.89671973297331,-75.369759264173865,-38.028056916888502,371.456,-419.288,-137.061
83.342024732792638,-73.919453686810115,-38.057658179179633,805.668212890625,-719.002685546875,-266.15643310546875
84.691773212761618,-72.214797732306394,-38.02805828008443,434.212,-299.715,-129.095
96.560672815293515,-55.019735037593541,-38.02805828008443,434.212,-299.715,-129.095
97.554128810769427,-53.580469199167162,-38.028045736770828,461.004,-318.208,-137.06
98.610352296659556,-51.826424284861844,-38.057645484339119,954.3258056640625,-505.29983520507812,-266.15554809570312
99.512925594298736,-49.848290495891519,-38.028044085553454,493.322,-187.092,-129.095
106.92188104811771,-30.312460773950789,-38.028044085553454,493.322,-187.092,-129.095
107.5420159738706,-28.677291915385197,-38.028058674209262,523.76,-198.636,-137.061
108.14778044097268,-26.721439971390531,-38.057659687132251,1047.5206298828125,-262.23233032226562,-266.15643310546875
108.550730929994,-24.584776659845907,-38.028058742763896,523.76,-63.5958,-129.095
111.06916449203955,-3.8435612145997173,-38.028058742763896,523.76,-63.5958,-129.095
111.2799610028036,-2.1074887813349532,-38.028061421664084,556.077,-67.52,-137.061
103.16090259615943,-1.9241562739645817,-55.567072585301595,477.646,-57.9966,-250.688
101.9445215843517,-11.941942615046583,-55.567080971495244,420.415,-51.0479,-220.651
100.62370970510447,-22.819771396131426,-55.567080971495244,420.415,-51.0479,-220.651
100.22202377401851,-24.829521055837347,-55.614815879993664,870.3031005859375,-221.66757202148438,-471.33905029296875
99.702749013636748,-26.556255370051769,-55.567080835427035,449.888,-170.62,-250.688
96.12430581152077,-35.991843774161772,-55.567081101787238,395.983,-150.176,-220.651
92.238644903051451,-46.23749881573962,-55.567081101787238,395.983,-150.176,-220.651
91.36766324391921,-48.092727680265305,-55.614816747487524,791.96514892578125,-423.50335693359375,-471.33908081054688
90.450237526028914,-49.645024064938127,-55.567081735824424,395.982,-273.327,-250.688
84.717689461866883,-57.950049014883341,-55.56708320895936,348.536,-240.578,-220.651
78.492986559973943,-66.968081613285491,-55.56708320895936,348.536,-240.578,-220.651
77.20333182967012,-68.560956191811272,-55.614818557038951,667.601318359375,-600.727294921875,-471.3394775390625
75.941081204225469,-69.848585862283528,-55.567083877107358,319.065,-360.15,-250.688
68.387582531616687,-76.540400324478227,-55.567086081085655,280.835,-316.997,-220.651
60.185597463824379,-83.806721822151644,-55.567086081085655,280.835,-316.997,-220.651
58.552215232654454,-85.044678146827479,-55.614821085965858,504.4383544921875,-743.03851318359375,-471.33950805664062
57.018486982912066,-85.992818812594237,-55.56708579705861,223.603,-426.041,-250.688
48.083039563238685,-90.682499782759635,-55.567081146395836,196.812,-374.993,-220.651
38.380458280352002,-95.774804924213512,-55.567081146395836,196.812,-374.993,-220.651
36.498282069549333,-96.585892638563351,-55.614816235558351,311.95953369140625,-842.1661376953125,-471.33865356445312
34.782222725287326,-97.139435688984832,-55.567081522625223,115.148,-467.173,-250.688
24.984112005468514,-99.55445544843063,-55.567082691492637,101.351,-411.197,-220.651
14.344811605279462,-102.17680967690519,-55.567082691492637,101.351,-411.197,-220.651
12.323214785726437,-102.51389552196117,-55.614818688198625,101.3509521484375,-892.351318359375,-471.33892822265625
10.524546592129898,-102.64067384401784,-55.567083471387079,0.0,-481.155,-250.688
0.43318774280741579,-102.64067376440494,-55.567083624190971,0.0,-423.504,-220.651
-10.524542378368688,-102.64067376440494,-55.567083624190971,0.0,-423.504,-220.651
-12.568064655094091,-102.48416487919117,-55.614818596516777,-115.14804077148438,-890.6768798828125,-471.33935546875
-14.344808986163855,-102.17680878788691,-55.567083615769604,-115.148,-467.173,-250.688
-24.14293453237886,-99.761783722627783,-55.567085434776757,-101.351,-411.197,-220.651
-34.782256001373973,-97.139421066630803,-55.567085434776757,-101.351,-411.197,-220.651
-36.728936993236736,-96.498414513767841,-55.614819665850085,-324.9552001953125,-837.2388916015625,-471.33956909179688
-38.380492624330749,-95.774789517536561,-55.56708378955998,-223.604,-426.042,-250.688
-47.315951958114368,-91.085095167474975,-55.567086184412972,-196.812,-374.994,-220.651
-57.018537454762267,-85.992781598498667,-55.567086184412972,-196.812,-374.994,-220.651
-58.755249988746904,-84.904529111590975,-55.61482120357357,-515.87646484375,-735.1427001953125,-471.3392333984375
-60.185641251079161,-83.806686355716892,-55.567086012130005,-319.064,-360.149,-250.688
-67.739120284340146,-77.11488738448125,-55.567081427806166,-280.834,-316.997,-220.651
-75.941090603968206,-69.848576421210879,-55.567081427806166,-280.834,-316.997,-220.651
-77.366904079930109,-68.376322533599165,-55.614816449537074,-676.817138671875,-590.32373046875,-471.33895874023438
-78.493000309208099,-66.968066124827487,-55.567081279762263,-395.983,-273.327,-250.688
-84.225546962151441,-58.663035430096585,-55.56708457525275,-348.537,-240.577,-220.651
-90.450243543402564,-49.645000724813833,-55.56708457525275,-348.537,-240.577,-220.651
-91.482289727023044,-47.874311893287818,-55.614819203064755,-798.423828125,-411.197021484375,-471.33917236328125
-92.238645287165468,-46.23748516425173,-55.567084285895199,-449.887,-170.62,-250.688
-95.817087924530867,-36.801905945995507,-55.567084592846655,-395.982,-150.176,-220.651
-99.702748833000186,-26.556259331940076,-55.567084592846655,-395.982,-150.176,-220.651
-100.28105328213258,-24.590032955697406,-55.614820319750663,-873.62896728515625,-208.17291259765625,-471.3392333984375
-100.62371244462325,-22.819758792417066,-55.567085175598692,-477.647,-57.9966,-250.688
-101.84008932645486,-12.801980946415355,-55.567081112673208,-420.416,-51.0477,-220.651
-103.16089699194086,-1.9241437378080894,-55.567081112673208,-420.416,-51.0477,-220.651
-92.222617426968299,-1.6292091522658703,-72.637215553578358,-286.36,-34.7703,-253.693
-91.801503700133026,-5.0973999244506754,-72.637215553578358,-286.36,-34.7703,-253.693
-89.932697720583747,-20.488427019348133,-72.637213546025862,-355.394,-43.1526,-314.852
-89.152898085371135,-23.652197983929781,-72.637213710779292,-269.718,-102.29,-253.693
-87.914028667146397,-26.918827270329057,-72.637213710779292,-269.718,-102.29,-253.693
-82.416216930284207,-41.415364905384408,-72.637214396663609,-334.739,-126.95,-314.851
-81.789254411804265,-42.727559406273961,-72.685638427260102,-572.14019775390625,-290.815673828125,-568.5443115234375
-80.90194003446102,-44.300578956654967,-72.637214806425206,-237.401,-163.866,-253.693
-78.917313794025858,-47.175808441109012,-72.637214806425206,-237.401,-163.866,-253.693
-70.110006591984728,-59.935404078078541,-72.637213838118299,-294.632,-203.369,-314.852
-69.187232602984054,-61.059427946272855,-72.685638239924657,-485.9180908203125,-419.28713989257812,-568.54425048828125
-67.949251375395221,-62.374392815361063,-72.637214321762329,-191.286,-215.918,-253.693
-65.334209228982985,-64.691118560582069,-72.637214321762329,-191.286,-215.918,-253.693
-53.729261060082727,-74.972205836157428,-72.637213223909811,-237.4,-267.97,-314.851
-52.564306023187655,-75.842732752190443,-72.685636817226381,-371.45611572265625,-523.39129638671875,-568.54412841796875
-51.047610179929364,-76.823217148784124,-72.637212318491038,-134.056,-255.422,-253.693
-47.954124822564388,-78.446804445717618,-72.637212318491038,-134.056,-255.422,-253.693
-34.225961920983664,-85.651904511108626,-72.63721344172103,-166.373,-316.997,-314.852
-32.886525626414297,-86.218344176014625,-72.685637815250317,-235.40679931640625,-597.0780029296875,-568.54449462890625
-31.179253480064766,-86.807369347978707,-72.63721370116815,-69.0339,-280.081,-253.693
-27.787109080154831,-87.643458435986133,-72.63721370116815,-69.0339,-280.081,-253.693
-12.73356326455243,-91.353829950723934,-72.637215887807258,-85.6762,-347.601,-314.852
-9.4988615539264405,-91.746594559473237,-72.637215981568175,0.0,-288.463,-253.693
-6.0051969393943914,-91.746594559473237,-72.637215981568175,0.0,-288.463,-253.693
9.4988675159664524,-91.74659414025048,-72.63721645824819,0.0,-358.004,-314.852
12.733561378517303,-91.353830981703396,-72.637216885173899,69.0336,-280.081,-253.693
16.125699109009162,-90.517744394727757,-72.637216885173899,69.0336,-280.081,-253.693
31.179222442129856,-86.807383285870685,-72.637214380663977,85.6759,-347.601,-314.851
32.557420924598915,-86.343159770925212,-72.685638094690546,219.7314453125,-603.0223388671875,-568.5440673828125
34.225922687812741,-85.651921433883132,-72.637215532504413,134.056,-255.422,-253.693
37.319408878854979,-84.028335804304135,-72.637215532504413,134.056,-255.422,-253.693
51.047568709153381,-76.823246594924285,-72.637213957096805,166.373,-316.997,-314.851
52.274627527440352,-76.04268562164502,-72.685637918731402,357.6593017578125,-532.9146728515625,-568.5443115234375
53.729226247307516,-74.97223266421824,-72.637213607215344,191.287,-215.918,-253.693
56.344271728428801,-72.65550441796546,-72.637213607215344,191.287,-215.918,-253.693
67.949235916732476,-62.374406164928551,-72.637215017490263,237.401,-267.97,-314.852
68.95383434977272,-61.322876016388598,-72.685639545421552,474.80136108398438,-431.836181640625,-568.54486083984375
70.109987699319305,-59.935422095961691,-72.637216023692432,237.401,-163.866,-253.693
72.094616440786254,-57.060194278862163,-72.637216023692432,237.401,-163.866,-253.693
80.90193584111185,-44.300601588281211,-72.63721396819804,294.632,-203.37,-314.852
81.625698158268321,-43.039204155451991,-72.685638949643135,564.3494873046875,-305.65997314453125,-568.54449462890625
82.41621983017167,-41.415372881146531,-72.637214250156646,269.718,-102.29,-253.693
83.655087581041897,-38.148740260038217,-72.637214250156646,269.718,-102.29,-253.693
89.152895790616981,-23.652192137792575,-72.637216735005865,334.74,-126.95,-314.852
89.553753074796532,-22.254247013996615,-72.685640741954913,621.0997314453125,-161.72026062011719,-568.54461669921875
89.932693095266018,-20.488425324441774,-72.637217117173819,286.36,-34.7703,-253.693
90.353806822101291,-17.02023621961149,-72.637217117173819,286.36,-34.7703,-253.693
92.222615919701539,-1.6292312284154973,-72.637220939733908,355.394,-43.1528,-314.852
80.262644797454143,-1.6292312284154973,-86.137220939733908,355.394,-43.1528,-314.852
80.182988784710304,-2.2852832516613537,-86.137217117173819,286.36,-34.7703,-253.693
78.320264668649017,-17.626221038653497,-86.137217117173819,286.36,-34.7703,-253.693
77.941324648179517,-19.392042728208338,-86.185640741954913,621.0997314453125,-161.72026062011719,-568.54461669921875
77.54046736399998,-20.789987852004295,-86.137216735005865,334.74,-126.95,-314.852
77.3061204469263,-21.407916609877599,-86.137214250156646,269.718,-102.29,-253.693
71.826202103967006,-35.857303969865285,-86.137214250156646,269.718,-102.29,-253.693
71.035680432063657,-37.481135244170744,-86.185638949643135,564.3494873046875,-305.65997314453125,-568.54449462890625
70.311918114907186,-38.742532676999964,-86.13721396819804,294.632,-203.37,-314.852
69.936493198740578,-39.286425996401377,-86.137216023692432,237.401,-163.866,-253.693
61.157829425557786,-52.004501548891064,-86.137216023692432,237.401,-163.866,-253.693
60.001676076011194,-53.391955469317971,-86.185639545421552,474.80136108398438,-431.836181640625,-568.54486083984375
58.997077642970957,-54.443485617857924,-86.137215017490263,237.401,-267.97,-314.852
58.502406386277109,-54.88172757365269,-86.137213607215344,191.287,-215.918,-253.693
46.935202631394311,-65.129376366976118,-86.137213607215344,191.287,-215.918,-253.693
45.480603911527147,-66.199829324402899,-86.185637918731402,357.6593017578125,-532.9146728515625,-568.5443115234375
44.253545093240177,-66.980390297682149,-86.137213957096805,166.373,-316.997,-314.851
43.668364597167937,-67.287515008094175,-86.137215532504413,134.056,-255.422,-253.693
29.984860679921042,-74.469166695003764,-86.137215532504413,134.056,-255.422,-253.693
28.316358916707213,-75.160405032045844,-86.185638094690546,219.7314453125,-603.0223388671875,-568.5440673828125
26.938160434238149,-75.624628546991318,-86.137214380663977,85.6759,-347.601,-314.851
26.296482898992217,-75.782785718876298,-86.137216885173899,69.0336,-280.081,-253.693
11.291945281389962,-79.481070883738894,-86.137216885173899,69.0336,-280.081,-253.693
8.0572514188391118,-79.873834042285978,-86.13721645824819,0.0,-358.004,-314.852
7.3963731562763755,-79.87383446150875,-86.137215981568175,0.0,-288.463,-253.693
-8.0572511647004212,-79.87383446150875,-86.137215981568175,0.0,-288.463,-253.693
-11.291952875326412,-79.481069852759418,-86.137215887807258,-85.6762,-347.601,-314.852
-11.933624353547451,-79.322913690796355,-86.13721370116815,-69.0339,-280.081,-253.693
-26.938191472173063,-75.624617463049987,-86.13721370116815,-69.0339,-280.081,-253.693
-28.645463618522594,-75.035592291085919,-86.185637815250317,-235.40679931640625,-597.0780029296875,-568.54449462890625
-29.984899913091962,-74.46915262617992,-86.13721344172103,-166.373,-316.997,-314.852
-30.570077772545204,-74.162028475559381,-86.137212318491038,-134.056,-255.422,-253.693
-44.253578002164176,-66.980369413393959,-86.137212318491038,-134.056,-255.422,-253.693
-45.770273845422466,-65.999885016800292,-86.185636817226381,-371.45611572265625,-523.39129638671875,-568.54412841796875
-46.935228882317539,-65.129358100767277,-86.137213223909811,-237.4,-267.97,-314.851
-47.429904097262593,-64.691112852680746,-86.137214321762329,-191.286,-215.918,-253.693
-58.997093101633709,-54.44347512224109,-86.137214321762329,-191.286,-215.918,-253.693
-60.235074329222535,-53.128510253152882,-86.185638239924657,-485.9180908203125,-419.28713989257812,-568.54425048828125
-61.157848318223216,-52.004486384958568,-86.137213838118299,-294.632,-203.369,-314.852
-61.533269597957329,-51.46059297311924,-86.137214806425206,-237.401,-163.866,-253.693
-70.311922308256356,-38.74251004537372,-86.137214806425206,-237.401,-163.866,-253.693
-71.199236685599601,-37.169490494992715,-86.185638427260102,-572.14019775390625,-290.815673828125,-568.5443115234375
-71.826199204079543,-35.857295994103161,-86.137214396663609,-334.739,-126.95,-314.851
-72.060549648440343,-35.239366307617509,-86.137213710779292,-269.718,-102.29,-253.693
-77.540475366655471,-20.789993698141505,-86.137213710779292,-269.718,-102.29,-253.693
-78.320275001868069,-17.626222733559857,-86.137213546025862,-355.394,-43.1526,-314.852
-78.399933604462248,-16.970160022415172,-86.137215553578358,-286.36,-34.7703,-253.693
-80.262657720523549,-1.6292148601671912,-86.137215553578358,-286.36,-34.7703,-253.693
-57.82588164150625,-1.2386069049762432,-102.52859410802287,-152.304,-18.4931,-220.651
-56.553935767333293,-11.714044967958198,-102.52859410802287,-152.304,-18.4931,-220.651
-56.441989575733885,-12.63600783541828,-102.52859401439567,-217.326,-26.3881,-314.851
-55.849148106688439,-15.041261123583858,-102.52859405098654,-143.453,-54.4045,-220.651
-52.107227276373742,-24.907895305684459,-102.52859405098654,-143.453,-54.4045,-220.651
-51.77789345465834,-25.776276768510126,-102.52859410459735,-204.696,-77.6309,-314.851
-50.626665748672416,-27.969757894909527,-102.5285940295884,-126.265,-87.1543,-220.651
-44.632230204184729,-36.654197687985345,-102.5285940295884,-126.265,-87.1543,-220.651
-44.104650553337052,-37.418528166134308,-102.52859447623983,-180.17,-124.362,-314.851
-42.461941515121445,-39.272764538242271,-102.52859456113224,-101.738,-114.839,-220.651
-34.56338683892691,-46.270279553838243,-102.52859456113224,-101.738,-114.839,-220.651
-33.868218441733234,-46.88614649495635,-102.52859386762304,-145.172,-163.866,-314.851
-31.82949728300143,-48.293375254785516,-102.52859365427707,-71.2993,-135.849,-220.651
-22.485835544285905,-53.197311750373366,-102.52859365427707,-71.2993,-135.849,-220.651
-21.663480995247291,-53.62891739627721,-102.5285933863193,-101.738,-193.846,-314.851
-19.347226235896919,-54.507357806379694,-102.52859321388507,-36.7166,-148.965,-220.651
-9.1014792510038305,-57.032709274355518,-102.52859321388507,-36.7166,-148.965,-220.651
-8.199731811287144,-57.25496959747958,-102.52859362866501,-52.3916,-212.561,-314.851
-5.7405573523532869,-57.553567565034712,-102.52859368701182,0.0,-153.423,-220.651
4.8118228741645517,-57.553567565034712,-102.52859368701182,0.0,-153.423,-220.651
5.7405573523532869,-57.553568389090344,-102.52859311402931,0.0,-218.922,-314.851
8.1997302536206398,-57.254970429449358,-102.52859332618675,36.7165,-148.965,-220.651
18.44545568004818,-54.729626147628714,-102.52859332618675,36.7165,-148.965,-220.651
19.347199902421,-54.507365357496525,-102.52859391589517,52.3914,-212.561,-314.851
21.663452850681288,-53.628927468424735,-102.52859357409965,71.2993,-135.849,-220.651
31.007121775552001,-48.724994565914486,-102.52859357409965,71.2993,-135.849,-220.651
31.829474720303256,-48.293390460977321,-102.52859375622181,101.738,-193.846,-314.851
33.868200259396296,-46.886160553119431,-102.52859377924551,101.738,-114.839,-220.651
41.766769307901185,-39.888641944445865,-102.52859377924551,101.738,-114.839,-220.651
42.461939358381912,-39.272776888452249,-102.5285927920428,145.172,-163.866,-314.851
44.10464957379839,-37.418540288762948,-102.5285928815432,126.265,-87.1542,-220.651
50.099081525208483,-28.734107681842314,-102.5285928815432,126.265,-87.1542,-220.651
50.62665843356325,-27.969777346993755,-102.528594503176,180.17,-124.362,-314.851
51.777893705063178,-25.776283172389167,-102.52859378911137,143.453,-54.4045,-220.651
55.519810942300296,-15.909634617978202,-102.52859378911137,143.453,-54.4045,-220.651
55.849142830218057,-15.041253997918261,-102.52859427819699,204.696,-77.6308,-314.851
56.441981574526899,-12.636012560358516,-102.52859387503473,152.304,-18.4931,-220.651
57.71393104177745,-2.1605816835317437,-102.52859387503473,152.304,-18.4931,-220.651
57.825878978748705,-1.2386154964311069,-102.52859307929116,217.326,-26.3881,-314.851
